14400000,1686900,1689800,1686900,1689800,20000,1689900,1690000,1689500,1690000,100
14460000,1689800,1690100,1689600,1689800,20100,1690000,1690500,1690000,1690200,20000
14520000,1689800,1690000,1689800,1690000,20100,1690300,1690400,1690300,1690400,20000
14580000,1690000,1690000,1689800,1689800,20100,1690400,1690400,1690200,1690200,20000
14640000,1689800,1690000,1689800,1690000,20100,1690200,1690400,1690200,1690400,20000
14700000,1690100,1690300,1690100,1690300,20000,1690400,1690500,1690300,1690500,600
14760000,1690300,1690300,1690100,1690100,200,1690500,1690500,1690200,1690400,20000
14820000,1690100,1690100,1689300,1689900,200,1690200,1690500,1689900,1690200,20000
14880000,1689900,1689900,1689700,1689800,20000,1689900,1690300,1689900,1690100,200
15000000,1689800,1689800,1689700,1689800,20000,1690100,1690100,1689900,1690100,200
15060000,1689700,1689800,1689700,1689800,20000,1690100,1690100,1689900,1690100,200
15120000,1689700,1689700,1689700,1689700,100,1690100,1690100,1689900,1689900,20000
15180000,1689700,1689800,1689700,1689800,20000,1690000,1690100,1690000,1690100,200
15240000,1689800,1689800,1689800,1689800,20100,1690100,1690100,1690100,1690100,200
15300000,1689800,1689800,1689700,1689700,100,1690100,1690100,1689900,1689900,20000
15360000,1689800,1689800,1689700,1689700,100,1689900,1690100,1689900,1689900,20000
15420000,1689700,1689800,1689700,1689700,100,1690100,1690100,1689900,1689900,20000
15480000,1689700,1689800,1689700,1689700,100,1690000,1690100,1689900,1689900,20000
15600000,1689700,1689800,1689700,1689800,20000,1690100,1690100,1690100,1690100,200
15660000,1689800,1689800,1689700,1689800,20000,1690100,1690100,1689900,1690100,200
15780000,1689800,1689800,1689700,1689800,20000,1690100,1690100,1689900,1690100,200
15840000,1689800,1690000,1689700,1690000,20100,1690100,1690100,1689900,1690100,200
15900000,1690000,1690000,1690000,1690000,20100,1690100,1690100,1690100,1690100,200
15960000,1690000,1690300,1690000,1690300,20000,1690300,1690500,1690300,1690500,600
16020000,1690300,1690500,1690300,1690300,20100,1690500,1690600,1690500,1690600,100
16080000,1690500,1690500,1690500,1690500,20000,1690600,1690600,1690600,1690600,100
16140000,1690500,1690800,1690500,1690800,20000,1690600,1691200,1690600,1690900,100
16200000,1690800,1691500,1690700,1691300,20100,1690900,1691600,1690900,1691500,100
16260000,1691300,1691500,1691300,1691500,20200,1691600,1691900,1691600,1691900,20300
16320000,1691500,1692000,1691500,1691800,20100,1691900,1692400,1691700,1692100,100
16380000,1692000,1692000,1691800,1691800,20100,1692100,1692100,1692100,1692100,100
16440000,1691800,1691800,1691500,1691500,20400,1692100,1692100,1691700,1691900,20100
16500000,1691500,1692000,1691500,1691900,20100,1691900,1692300,1691900,1692100,200
16560000,1692000,1692000,1691800,1692000,20100,1692100,1692100,1692100,1692100,200
16620000,1692000,1692000,1691500,1691500,20400,1692100,1692100,1691700,1691900,20100
16680000,1691500,1691500,1691500,1691500,400,1691900,1691900,1691700,1691700,20000
16740000,1691500,1691500,1691500,1691500,20300,1691700,1691900,1691700,1691900,20200
16800000,1691500,1691500,1690100,1691300,20100,1691900,1691900,1691400,1691700,20200
16920000,1691300,1691300,1691300,1691300,100,1691700,1691700,1691400,1691400,20000
16980000,1691300,1691300,1691100,1691100,400,1691400,1691400,1691200,1691400,20000
17040000,1691100,1691500,1691100,1691500,20000,1691500,1691900,1691500,1691700,200
17100000,1691500,1691500,1691300,1691300,20100,1691700,1691700,1691700,1691700,200
17160000,1691500,1691500,1691300,1691500,20000,1691700,1691700,1691700,1691700,200
17220000,1691500,1691800,1691300,1691500,20200,1691700,1691900,1691700,1691900,20300
17280000,1691500,1691800,1691500,1691500,20200,1691900,1691900,1691900,1691900,20300
17340000,1691500,1692300,1691500,1692300,20000,1691800,1692500,1691800,1692400,500
17400000,1692300,1692500,1692300,1692300,20100,1692400,1692600,1692400,1692600,500
17520000,1692300,1692300,1692300,1692300,20100,1692600,1692600,1692600,1692600,500
17580000,1692300,1692300,1691900,1692100,100,1692600,1692600,1692200,1692300,20000
17640000,1692100,1692100,1691500,1691900,20000,1691900,1692300,1691900,1692300,500
17700000,1692000,1692000,1692000,1692000,20000,1692300,1692300,1692300,1692300,500
17820000,1692000,1692500,1692000,1692500,20000,1692300,1692600,1692300,1692600,100
17880000,1692500,1692500,1692300,1692300,20100,1692600,1692600,1692500,1692500,500
17940000,1692300,1692500,1692300,1692300,20100,1692600,1692600,1692600,1692600,100
18000000,1692300,1693000,1692300,1692700,100,1692500,1693100,1692500,1692900,20000
18060000,1692500,1692500,1692300,1692300,300,1692900,1692900,1692400,1692500,20000
18120000,1692300,1692300,1691800,1692100,100,1692400,1692700,1692200,1692400,20000
18240000,1692100,1692100,1691900,1691900,300,1692400,1692400,1692200,1692200,20000
18360000,1691900,1692000,1691900,1692000,20000,1692200,1692300,1692200,1692300,100
18420000,1692000,1692000,1691500,1691700,100,1692300,1692300,1691900,1691900,20000
18480000,1691700,1691700,1691500,1691500,400,1691900,1691900,1691700,1691700,20000
18540000,1691500,1691500,1691500,1691500,20400,1691800,1691900,1691700,1691900,20100
18600000,1691500,1691500,1691500,1691500,20400,1691800,1691800,1691800,1691800,100
18660000,1691500,1691500,1691500,1691500,20400,1691800,1691800,1691700,1691800,100
18720000,1691800,1691800,1691800,1691800,20000,1691800,1691900,1691800,1691900,100
18780000,1691800,1692000,1691800,1691800,20000,1691900,1692300,1691900,1692100,100
18840000,1691800,1691800,1691500,1691500,20400,1692100,1692100,1691700,1691700,900
18900000,1691500,1691500,1691000,1691300,100,1691700,1691700,1691400,1691500,20000
18960000,1691100,1691500,1691100,1691300,20100,1691400,1691700,1691300,1691700,20900
19020000,1691300,1691300,1691300,1691300,100,1691700,1691700,1691400,1691400,20000
19080000,1691200,1691200,1691200,1691200,100,1691400,1691400,1691300,1691300,500
19140000,1691200,1691500,1691200,1691300,20100,1691500,1691700,1691500,1691700,20900
19200000,1691300,1691500,1691300,1691500,20000,1691700,1691700,1691700,1691700,900
19260000,1691500,1691500,1691300,1691300,20100,1691700,1691700,1691700,1691700,20900
19320000,1691300,1691500,1691300,1691300,30400,1691700,1691700,1691700,1691700,900
19380000,1691500,1691500,1691300,1691300,20100,1691700,1691700,1691700,1691700,20900
19500000,1691300,1691300,1691300,1691300,20100,1691600,1691600,1691600,1691600,300
19620000,1691500,1691800,1691300,1691500,20200,1691600,1691900,1691600,1691900,300
19680000,1691800,1691800,1691500,1691800,20000,1691900,1691900,1691900,1691900,300
19740000,1691800,1691800,1691500,1691500,20200,1691900,1691900,1691900,1691900,20300
19800000,1691500,1691800,1691500,1691800,20000,1691900,1691900,1691900,1691900,300
19860000,1691800,1691800,1691500,1691500,20200,1691900,1691900,1691900,1691900,20300
19920000,1691500,1691500,1691200,1691300,20100,1691900,1691900,1691400,1691700,20200
19980000,1691300,1691600,1691300,1691300,20000,1691600,1691700,1691600,1691700,200
20040000,1691500,1691500,1691500,1691500,20000,1691700,1691700,1691700,1691700,600
20100000,1691400,1691400,1691300,1691300,20100,1691700,1691700,1691700,1691700,20600
20160000,1691300,1691500,1691300,1691500,20000,1691700,1691700,1691700,1691700,600
20220000,1691500,1691500,1691300,1691300,20100,1691700,1691700,1691700,1691700,20600
20280000,1691300,1691500,1691300,1691500,20000,1691700,1691700,1691600,1691600,300
20340000,1691500,1691800,1691400,1691500,20200,1691700,1691900,1691600,1691900,300
20400000,1691500,1691600,1691500,1691500,200,1691900,1691900,1691700,1691700,20000
20460000,1691500,1691500,1691100,1691500,20000,1691700,1691800,1691400,1691700,200
20520000,1691500,1692000,1691500,1691500,20400,1691700,1692400,1691700,1691900,20100
20580000,1691800,1691800,1691500,1691500,20400,1691900,1691900,1691800,1691900,20100
20640000,1691500,1691800,1691500,1691800,20000,1691900,1691900,1691900,1691900,100
20760000,1691700,1691800,1691500,1691500,20400,1691900,1691900,1691900,1691900,20100
20820000,1691500,1691800,1691500,1691800,20000,1691900,1691900,1691900,1691900,100
20880000,1691800,1691800,1691500,1691500,20400,1691900,1691900,1691700,1691900,20100
20940000,1691500,1691800,1691500,1691500,300,1691900,1691900,1691700,1691700,20000
21000000,1691500,1691800,1691500,1691800,20000,1691700,1691900,1691700,1691900,200
21060000,1691800,1691800,1691500,1691500,20300,1691900,1691900,1691900,1691900,20200
21120000,1691500,1691500,1691500,1691500,20300,1691900,1691900,1691700,1691900,20200
21240000,1691500,1691800,1691500,1691800,20000,1691900,1691900,1691900,1691900,200
21300000,1691800,1692000,1691700,1691800,20000,1691900,1692400,1691900,1692100,200
21360000,1691800,1691800,1691800,1691800,20000,1692000,1692000,1692000,1692000,500
21420000,1691800,1691800,1691800,1691800,20000,1691900,1691900,1691900,1691900,500
21480000,1691800,1692000,1691800,1692000,20000,1691900,1692100,1691900,1692100,200
21540000,1691800,1692000,1691800,1691800,20000,1692100,1692100,1692100,1692100,200
21600000,1692000,1692000,1691900,1691900,100,1692100,1692100,1692100,1692100,600
21660000,1691900,1691900,1691500,1691800,20000,1692000,1692000,1691900,1692000,500
21780000,1691800,1691800,1691500,1691500,400,1692000,1692000,1691700,1691700,20000
21840000,1691500,1691500,1690800,1691100,400,1691600,1691600,1691300,1691300,400
21900000,1691300,1691300,1691100,1691100,400,1691300,1691500,1691300,1691400,20000
21960000,1691100,1691100,1691100,1691100,400,1691300,1691300,1691300,1691300,500
22080000,1691300,1691300,1691100,1691100,400,1691300,1691500,1691300,1691400,20000
22140000,1691100,1691300,1691100,1691100,400,1691500,1691500,1691400,1691400,20000
22200000,1691100,1691300,1691100,1691300,20100,1691500,1691500,1691400,1691500,200
22320000,1691300,1691300,1691100,1691100,400,1691500,1691500,1691400,1691400,20000
22380000,1691100,1691300,1691100,1691300,20100,1691500,1691500,1691500,1691500,700
22440000,1691300,1691300,1691100,1691300,20000,1691500,1691500,1691400,1691500,700
22500000,1691300,1691300,1691100,1691300,20100,1691500,1691500,1691400,1691500,700
22620000,1691300,1691300,1691000,1691000,20000,1691500,1691500,1691300,1691300,100
22680000,1691000,1691300,1690900,1691100,100,1691300,1691400,1691300,1691300,500
22740000,1691100,1691300,1691100,1691300,20000,1691300,1691400,1691300,1691400,500
22800000,1691200,1691200,1691100,1691100,100,1691400,1691400,1691300,1691300,500
22920000,1691000,1691300,1691000,1691300,20000,1691300,1691500,1691300,1691500,900
22980000,1691400,1691600,1691400,1691400,1300,1691500,1691800,1691500,1691700,20200
23040000,1691400,1691400,1691400,1691400,1300,1691500,1691600,1691500,1691600,100
23100000,1691400,1691400,1690900,1690900,1100,1691600,1691600,1691100,1691200,20000
23160000,1690900,1691100,1690900,1690900,1100,1691200,1691300,1691200,1691200,20000
23220000,1690900,1690900,1690900,1690900,1100,1691200,1691300,1691200,1691200,20400
23340000,1690900,1691100,1690900,1690900,1100,1691200,1691200,1691200,1691200,20400
23400000,1690900,1691000,1690700,1690900,1000,1691200,1691300,1690900,1691200,21000
23700000,1690900,1690900,1690700,1690900,1000,1691200,1691200,1690900,1691100,100
23760000,1690900,1691100,1690900,1691100,900,1691100,1691100,1691100,1691100,100
23820000,1691100,1691400,1691000,1691400,500,1691400,1691900,1691200,1691700,20900
23880000,1691400,1691400,1691100,1691300,20900,1691700,1691700,1691400,1691500,100
23940000,1691300,1691300,1691100,1691300,20900,1691500,1691500,1691400,1691500,100
24000000,1691300,1691300,1691100,1691300,20900,1691500,1691500,1691400,1691500,100
24180000,1691500,1691600,1691500,1691500,900,1691500,1691900,1691500,1691700,200
24240000,1691600,1691600,1691300,1691600,900,1691700,1691700,1691700,1691700,200
24300000,1691600,1691600,1691300,1691300,20900,1691700,1691700,1691700,1691700,20900
24360000,1691300,1691600,1691300,1691600,800,1691700,1691900,1691700,1691900,20300
24420000,1691600,1691600,1691500,1691500,200,1691700,1691700,1691700,1691700,20900
24480000,1691500,1691500,1691100,1691300,20900,1691600,1691700,1691400,1691500,100
24720000,1691300,1691500,1691100,1691500,100,1691500,1691700,1691400,1691700,20900
24780000,1691500,1691500,1691300,1691300,20900,1691600,1691700,1691400,1691700,20900
24840000,1691300,1691300,1691300,1691300,100,1691700,1691700,1691400,1691400,20000
24900000,1691100,1691100,1691100,1691100,700,1691400,1691400,1691200,1691300,20900
24960000,1691100,1691100,1690600,1690900,100,1691200,1691200,1690900,1691200,20900
25020000,1690900,1690900,1690700,1690800,20900,1691200,1691200,1690900,1691100,1200
25080000,1690800,1690800,1689700,1690600,20800,1691100,1691100,1689900,1690700,200
25140000,1690600,1691400,1690400,1691100,20800,1690700,1691500,1690700,1691500,22000
25200000,1691100,1691300,1690900,1690900,100,1691400,1691500,1691000,1691100,20800
25260000,1690900,1691100,1690900,1691100,20800,1691000,1691500,1691000,1691300,100
25320000,1691100,1691100,1690900,1691100,20800,1691300,1691300,1691200,1691300,100
25380000,1691300,1691400,1691100,1691200,3000,1691300,1691500,1691300,1691400,100
25440000,1691200,1691400,1691200,1691200,3000,1691500,1691500,1691500,1691500,21500
25500000,1691200,1691200,1691200,1691200,2000,1691400,1691400,1691400,1691400,400
25560000,1691200,1691200,1690800,1690900,500,1691400,1691400,1691000,1691100,100
25620000,1690900,1691200,1690800,1691100,20800,1691100,1691500,1690900,1691300,100
25680000,1691100,1691100,1690900,1690900,100,1691300,1691300,1691000,1691100,100
25740000,1690900,1691100,1690800,1691100,900,1691200,1691200,1690900,1691100,4000
25800000,1691100,1691100,1691100,1691100,1000,1691100,1691400,1691100,1691400,23400
25860000,1691200,1691300,1691100,1691100,900,1691400,1691400,1691200,1691400,22600
25920000,1691100,1691600,1691100,1691500,20900,1691300,1691900,1691300,1691700,200
25980000,1691700,1691700,1691400,1691400,1000,1691700,1691700,1691500,1691700,40800
26040000,1691400,1691500,1691300,1691300,20900,1691700,1691700,1691500,1691700,3200
26100000,1691500,1691600,1691300,1691600,300,1691700,1691900,1691500,1691900,38400
26160000,1691700,1691800,1691500,1691500,20900,1691900,1691900,1691700,1691700,17200
26220000,1691500,1691500,1691300,1691300,20100,1691700,1691700,1691500,1691700,18100
26280000,1691300,1691400,1691100,1691100,400,1691600,1691700,1691200,1691300,17500
26340000,1691100,1691500,1691100,1691400,300,1691200,1691700,1691200,1691600,18100
26400000,1691400,1691500,1691400,1691500,20900,1691600,1691700,1691500,1691700,17400
26520000,1691500,1691500,1691500,1691500,20900,1691700,1691700,1691600,1691700,1000
26580000,1691500,1691500,1691400,1691400,600,1691600,1691600,1691500,1691500,17500
26700000,1691400,1691400,1691400,1691400,300,1691500,1691500,1691500,1691500,17500
26760000,1691500,1691500,1691500,1691500,20900,1691500,1691600,1691500,1691600,1000
26820000,1691500,1691600,1691500,1691600,500,1691700,1691700,1691700,1691700,200
26880000,1691600,1691800,1691600,1691800,20000,1691800,1692000,1691800,1692000,17500
26940000,1691800,1691800,1691500,1691800,20000,1691900,1692100,1691600,1692000,17500
27000000,1691800,1691900,1691600,1691800,20000,1691900,1691900,1691700,1691900,100
27060000,1691900,1692200,1691900,1692000,20600,1691900,1692300,1691900,1692300,18200
27120000,1692000,1692000,1691900,1691900,100,1692200,1692200,1692000,1692000,17500
27180000,1691900,1691900,1691600,1691600,500,1692000,1692000,1691700,1691700,900
27240000,1691600,1691700,1691600,1691700,21600,1691700,1692000,1691700,1691900,100
27300000,1691700,1692200,1691600,1692000,20000,1691900,1692300,1691800,1692300,18100
27360000,1692000,1692100,1691900,1692000,20000,1692300,1692300,1692100,1692200,200
27420000,1692000,1692200,1691600,1692100,500,1692200,1692300,1691900,1692300,17800
27480000,1692100,1692200,1692100,1692100,700,1692300,1692300,1692200,1692300,600
27540000,1692100,1692100,1692000,1692000,25000,1692300,1692300,1692100,1692100,300
27600000,1692000,1692100,1692000,1692000,21200,1692100,1692200,1692100,1692200,24500
27660000,1692000,1692200,1692000,1692000,20600,1692200,1692300,1692200,1692300,500
27720000,1692200,1692200,1692000,1692000,20000,1692300,1692300,1692300,1692300,17900
27780000,1692000,1692300,1691900,1692300,18600,1692100,1692500,1692000,1692500,18100
27840000,1692200,1692300,1692000,1692100,100,1692500,1692500,1692300,1692300,500
27900000,1692100,1692100,1691700,1691700,21500,1692300,1692300,1692000,1692000,17500
27960000,1691700,1691800,1691700,1691800,600,1692000,1692100,1691900,1692000,17500
28020000,1691800,1692200,1691800,1692200,21500,1692000,1692500,1692000,1692300,100
28080000,1692200,1692300,1691900,1691900,300,1692300,1692500,1692000,1692100,17500
28140000,1691700,1691800,1691600,1691800,100,1692000,1692000,1691800,1691900,100
28200000,1691800,1691800,1691800,1691800,100,1692000,1692100,1692000,1692000,17500
28260000,1691800,1691800,1691500,1691500,20400,1692100,1692100,1691600,1691800,500
28320000,1691500,1691800,1691500,1691500,20400,1691900,1691900,1691800,1691900,20100
28380000,1691500,1691500,1691400,1691500,20000,1691900,1691900,1691500,1691700,200
28440000,1691500,1691500,1690500,1690900,20600,1691700,1691700,1690700,1691100,1300
28500000,1691000,1691000,1690700,1690900,100,1691100,1691300,1690800,1691100,37500
28560000,1690900,1691000,1690800,1691000,15000,1691100,1691300,1691000,1691000,17500
28620000,1690800,1691100,1690800,1690900,100,1691000,1691300,1691000,1691100,37500
28680000,1690900,1690900,1690900,1690900,100,1691000,1691100,1691000,1691100,37500
28740000,1690900,1690900,1690200,1690500,20500,1691100,1691100,1690400,1690800,17500
28800000,1690500,1690700,1690500,1690700,21400,1690800,1690900,1690600,1690900,500
28860000,1690700,1690900,1690300,1690300,300,1690900,1691000,1690400,1690500,17400
28920000,1690300,1690300,1690200,1690300,10200,1690500,1690700,1690300,1690400,100
28980000,1690300,1690400,1690300,1690300,5200,1690400,1690400,1690400,1690400,100
29040000,1690300,1690300,1689700,1689800,100,1690400,1690400,1689900,1690100,200
29100000,1689800,1690100,1689700,1689700,39200,1690100,1690300,1689900,1690100,38000
29160000,1689700,1690000,1689700,1689700,38900,1690000,1690100,1689900,1689900,100
29220000,1689800,1689800,1689800,1689800,100,1689900,1689900,1689900,1689900,100
29280000,1689700,1690200,1689700,1690000,20000,1689900,1690300,1689900,1690200,300
29340000,1690000,1690000,1690000,1690000,20000,1690200,1690300,1690200,1690200,300
29400000,1690000,1690000,1689300,1689300,100,1690200,1690200,1689500,1689500,18500
29460000,1689200,1689300,1688900,1689000,200,1689500,1689500,1689000,1689300,38100
29520000,1689100,1689500,1689100,1689500,3500,1689300,1689600,1689300,1689500,10000
29580000,1689400,1689400,1689000,1689000,200,1689500,1689500,1689200,1689200,12200
29640000,1689000,1689000,1688800,1688900,47000,1689100,1689100,1688900,1689100,100
29700000,1688900,1689100,1688900,1689100,1900,1689200,1689200,1689200,1689200,2200
29760000,1689100,1689200,1688800,1688800,600,1689200,1689300,1689100,1689100,46100
29820000,1688800,1688800,1688800,1688800,1800,1689100,1689100,1689100,1689100,46100
29880000,1688900,1689000,1688900,1689000,600,1689100,1689100,1689100,1689100,46100
29940000,1689000,1689000,1688800,1688900,1500,1689100,1689100,1689100,1689100,28600
30000000,1688900,1689200,1688900,1689100,5200,1689100,1689300,1689100,1689300,22000
30060000,1689200,1689300,1689000,1689000,2800,1689300,1689500,1689100,1689100,3500
30120000,1688900,1689000,1688900,1689000,3500,1689100,1689100,1689000,1689100,200
30180000,1689000,1689000,1688200,1688900,500,1689100,1689100,1688400,1689000,100
30240000,1688900,1688900,1688800,1688800,2100,1689000,1689000,1688800,1688800,200
30300000,1688800,1688900,1688700,1688800,3300,1689100,1689100,1689000,1689100,3300
30360000,1688800,1688800,1688700,1688800,3600,1689000,1689100,1688900,1689100,49300
30420000,1688900,1689000,1688700,1688800,3300,1689100,1689100,1688800,1689100,49300
30480000,1688800,1688900,1688800,1688900,3000,1689000,1689100,1689000,1689000,100
30540000,1688900,1688900,1688800,1688800,1000,1689000,1689100,1689000,1689000,3400
30600000,1688800,1688900,1688800,1688900,1000,1689000,1689100,1689000,1689100,33900
30660000,1688900,1689000,1688800,1688800,1000,1689100,1689100,1688800,1689000,3600
30720000,1688800,1688800,1688300,1688300,200,1689000,1689000,1688300,1688300,53000
30780000,1688300,1688300,1688000,1688100,1300,1688300,1688500,1688300,1688300,53000
30840000,1688100,1688200,1688000,1688000,4900,1688300,1688300,1688000,1688000,500
30900000,1688000,1688200,1688000,1688100,3500,1688000,1688300,1688000,1688300,33000
30960000,1688100,1688100,1688000,1688100,3600,1688300,1688300,1688100,1688300,33000
31020000,1688100,1688100,1688000,1688000,16400,1688200,1688300,1688100,1688200,1000
31080000,1688100,1688600,1688000,1688500,500,1688200,1688700,1688100,1688700,1300
31140000,1688600,1688700,1688500,1688600,3400,1688700,1688800,1688500,1688800,33000
31200000,1688600,1688600,1688300,1688300,400,1688800,1688800,1688300,1688300,7000
31260000,1688300,1688600,1688300,1688600,3600,1688300,1688800,1688300,1688800,33000
31320000,1688600,1688700,1688500,1688500,200,1688700,1688800,1688500,1688600,1800
31380000,1688500,1688700,1688500,1688500,200,1688500,1688800,1688500,1688800,33000
31440000,1688700,1689100,1688700,1689000,600,1688800,1689100,1688800,1689100,41800
31500000,1689000,1689100,1689000,1689100,2000,1689100,1689200,1689100,1689200,2000
31560000,1689100,1689200,1689100,1689100,2000,1689200,1689300,1689200,1689300,100
31620000,1689100,1689400,1689100,1689200,2000,1689200,1689400,1689200,1689300,18000
31680000,1689200,1689300,1689100,1689200,700,1689300,1689400,1689100,1689300,18000
31740000,1689200,1689400,1689200,1689300,2000,1689300,1689500,1689300,1689400,100
31800000,1689300,1689400,1689100,1689100,5000,1689400,1689500,1689300,1689300,33000
31860000,1689100,1689300,1689000,1689300,2000,1689300,1689400,1689100,1689400,30400
31920000,1689300,1689300,1688500,1688500,5500,1689400,1689400,1688600,1688600,31900
31980000,1688500,1688600,1688400,1688600,2000,1688600,1688700,1688500,1688700,600
32040000,1688600,1688700,1688400,1688600,3800,1688700,1688800,1688500,1688700,800
32100000,1688600,1688600,1688300,1688600,2000,1688700,1688800,1688500,1688700,700
32160000,1688600,1689100,1688600,1688700,2000,1688700,1689300,1688700,1688900,1000
32220000,1688700,1688800,1688500,1688500,100,1688800,1688900,1688600,1688600,34700
32280000,1688500,1688900,1688300,1688900,500,1688600,1689000,1688500,1689000,1100
32340000,1688900,1688900,1688800,1688900,100,1689000,1689000,1688900,1689000,1500
32400000,1688900,1689600,1688900,1689500,2000,1689000,1689700,1689000,1689700,700
32460000,1689600,1689700,1689500,1689600,2000,1689700,1689800,1689600,1689800,5200
32520000,1689600,1689900,1689600,1689900,1000,1689700,1689900,1689700,1689900,2300
32580000,1689900,1690000,1689800,1689900,600,1689900,1690100,1689900,1690000,4800
32640000,1689900,1689900,1689700,1689800,13000,1690000,1690000,1689800,1690000,2500
32700000,1689800,1689900,1689800,1689800,12700,1690000,1690100,1689900,1690000,1500
32760000,1689800,1689900,1689800,1689800,12300,1690000,1690100,1689900,1690000,3100
32820000,1689800,1689900,1689600,1689600,3800,1690000,1690000,1689700,1689700,600
32880000,1689600,1689600,1689300,1689300,1000,1689700,1689800,1689400,1689500,500
32940000,1689300,1689400,1689100,1689300,5600,1689400,1689500,1689200,1689500,1500
33000000,1689400,1689400,1688800,1688800,3700,1689500,1689500,1688900,1688900,100
33060000,1688800,1688800,1688500,1688600,1500,1689000,1689000,1688700,1688800,18000
33120000,1688600,1688900,1688600,1688800,2000,1688700,1689000,1688700,1688900,700
33180000,1688800,1689000,1688400,1688500,39800,1688900,1689100,1688500,1688700,800
33240000,1688500,1688800,1688500,1688600,3600,1688700,1688900,1688600,1688800,33000
33300000,1688600,1688600,1688100,1688200,800,1688700,1688700,1688200,1688300,33000
33360000,1688200,1688300,1688000,1688100,2300,1688300,1688300,1688100,1688200,600
33420000,1688100,1688100,1688000,1688000,800,1688200,1688300,1688000,1688100,56300
33480000,1688000,1688000,1687000,1687200,100,1688100,1688100,1687000,1687300,33000
33540000,1687200,1687200,1687100,1687200,1500,1687300,1687300,1687200,1687300,18000
33600000,1687200,1687500,1687200,1687400,3600,1687300,1687600,1687300,1687500,1500
33660000,1687400,1687800,1687400,1687600,3800,1687500,1687900,1687500,1687800,2500
33720000,1687700,1687800,1687400,1687700,1000,1687800,1687900,1687600,1687800,3700
33780000,1687700,1687800,1687600,1687700,600,1687800,1687800,1687700,1687800,3400
33840000,1687700,1688000,1687700,1688000,500,1687800,1688100,1687800,1688100,53000
33900000,1688000,1688200,1687900,1688100,3500,1688100,1688300,1688000,1688300,2800
33960000,1688100,1688500,1688000,1688400,1400,1688300,1688600,1688100,1688600,18000
34020000,1688400,1688700,1688400,1688400,3000,1688600,1688800,1688500,1688500,2700
34080000,1688400,1688800,1688400,1688600,3700,1688500,1688900,1688500,1688700,300
34140000,1688600,1689000,1688300,1689000,14900,1688700,1689100,1688400,1689100,53000
34200000,1689000,1689700,1688200,1688300,3000,1689100,1689800,1688300,1688400,23300
34260000,1688300,1688500,1687700,1688400,4700,1688400,1688600,1687800,1688500,2900
34320000,1688400,1688400,1688100,1688200,6700,1688500,1688500,1688200,1688300,2000
34380000,1688200,1689000,1687800,1688700,12300,1688300,1689100,1687900,1688800,5300
34440000,1688700,1689100,1688300,1688800,10800,1688800,1689200,1688400,1688900,300
34500000,1688800,1689200,1688600,1689100,5800,1688900,1689300,1688700,1689200,6800
34560000,1689100,1689700,1688500,1689600,7800,1689200,1689800,1688600,1689700,3700
34620000,1689600,1690000,1689600,1689800,6500,1689700,1690100,1689700,1689900,1700
34680000,1689800,1690700,1689800,1690400,5500,1689900,1690800,1689900,1690500,4900
34740000,1690400,1690900,1690300,1690700,5500,1690500,1691000,1690400,1690800,50500
34800000,1690700,1690900,1690500,1690500,1000,1690800,1691000,1690600,1690600,22000
34860000,1690500,1690600,1690200,1690500,30700,1690600,1690700,1690300,1690600,2400
34920000,1690500,1691400,1690400,1691400,4100,1690600,1691500,1690500,1691500,5800
34980000,1691400,1691400,1691000,1691100,18200,1691500,1691500,1691100,1691200,2800
35040000,1691100,1691900,1691100,1691700,6500,1691200,1692000,1691200,1691800,50600
35100000,1691700,1692000,1691600,1691900,8600,1691800,1692100,1691700,1692000,5600
35160000,1691900,1692200,1691800,1691900,5200,1692000,1692300,1691900,1692000,7900
35220000,1691900,1692100,1691000,1691100,2400,1692000,1692200,1691100,1691200,8200
35280000,1691100,1691900,1691000,1691700,4100,1691200,1692000,1691100,1691800,50900
35340000,1691700,1692400,1691700,1692300,700,1691800,1692500,1691800,1692400,50500
35400000,1692300,1692700,1692200,1692400,4500,1692400,1692800,1692300,1692500,22400
35460000,1692400,1692700,1692400,1692400,1300,1692500,1692800,1692500,1692500,5200
35520000,1692400,1692500,1692100,1692200,100,1692500,1692600,1692100,1692300,4200
35580000,1692200,1692200,1691600,1691600,6300,1692300,1692300,1691700,1691700,1100
35640000,1691600,1692700,1691600,1692600,300,1691800,1692900,1691800,1692900,300
35700000,1692600,1692800,1692100,1692600,400,1692800,1692900,1692200,1692700,3000
35760000,1692600,1694000,1692600,1693900,2400,1692700,1694100,1692700,1694000,3700
35820000,1693900,1694600,1693500,1694200,7000,1694000,1694700,1693600,1694300,2600
35880000,1694200,1694200,1693600,1694000,3200,1694300,1694300,1693700,1694100,53000
35940000,1694000,1695300,1694000,1695100,11000,1694100,1695400,1694100,1695200,700
36000000,1695100,1695800,1694800,1695200,3700,1695200,1695800,1694900,1695300,2100
36060000,1695200,1695700,1695100,1695700,1500,1695300,1695800,1695200,1695800,4100
36120000,1695700,1696000,1695500,1695700,5100,1695800,1696100,1695600,1695900,3800
36180000,1695700,1695900,1695100,1695200,100,1695800,1696000,1695200,1695300,7400
36240000,1695200,1695800,1695100,1695100,53000,1695300,1695900,1695200,1695200,2300
36300000,1695100,1695400,1695000,1695100,33000,1695200,1695500,1695000,1695200,1600
36360000,1695100,1695900,1695000,1695500,6100,1695200,1696000,1695100,1695600,5600
36420000,1695500,1696400,1695500,1695700,2300,1695600,1696500,1695600,1695800,6700
36480000,1695700,1696000,1695700,1695900,900,1695800,1696100,1695800,1696000,5800
36540000,1695900,1695900,1695500,1695600,4700,1696000,1696000,1695600,1695700,4400
36600000,1695600,1695900,1695300,1695300,53400,1695700,1696000,1695400,1695400,4000
36660000,1695300,1695400,1694600,1694600,3100,1695400,1695500,1694700,1694700,6000
36720000,1694600,1694800,1694300,1694600,6500,1694700,1694900,1694400,1694700,5300
36780000,1694600,1694800,1694500,1694800,53600,1694700,1694900,1694600,1694900,700
36840000,1694800,1695500,1694800,1695300,58400,1694900,1695600,1694900,1695400,3900
36900000,1695300,1696000,1695300,1695700,4700,1695400,1696100,1695400,1695800,4700
36960000,1695700,1695900,1695100,1695200,4300,1695800,1696000,1695200,1695300,3900
37020000,1695200,1695500,1694900,1695400,300,1695300,1695600,1695000,1695500,7300
37080000,1695400,1695400,1694500,1694500,29600,1695500,1695500,1694600,1694600,5600
37140000,1694500,1694600,1694200,1694300,53000,1694600,1694700,1694300,1694400,3600
37200000,1694300,1694400,1693800,1693900,3900,1694400,1694500,1693900,1694000,7400
37260000,1693900,1693900,1693300,1693600,7700,1694000,1694000,1693400,1693700,1800
37320000,1693600,1694200,1693500,1694000,2400,1693700,1694300,1693600,1694100,53200
37380000,1694000,1694600,1693900,1694000,37700,1694100,1694700,1694000,1694100,900
37440000,1694000,1694100,1693800,1694100,4000,1694100,1694200,1693900,1694200,5200
37500000,1694100,1694300,1693500,1694100,9700,1694200,1694400,1693600,1694200,1400
37560000,1694100,1695400,1694100,1695300,53000,1694200,1695500,1694200,1695400,3900
37620000,1695300,1695400,1694600,1694600,6200,1695400,1695500,1694700,1694700,800
37680000,1694600,1694700,1694000,1694600,31300,1694700,1694800,1694100,1694700,600
37740000,1694600,1695100,1694400,1694700,400,1694700,1695200,1694500,1694800,7700
37800000,1694700,1694700,1694200,1694400,5900,1694800,1694800,1694300,1694500,4200
37860000,1694400,1694600,1693900,1694200,5800,1694500,1694700,1694000,1694300,6700
37920000,1694200,1694600,1694200,1694200,4100,1694300,1694700,1694300,1694300,5300
37980000,1694200,1694500,1693800,1694200,5200,1694300,1694600,1693900,1694300,5500
38040000,1694200,1694300,1693600,1693900,12200,1694300,1694400,1693700,1694000,3800
38100000,1693900,1694300,1693200,1693400,14900,1694000,1694400,1693300,1693500,5800
38160000,1693400,1693500,1692900,1693100,5400,1693500,1693600,1693000,1693200,10400
38220000,1693100,1693300,1693000,1693300,9100,1693200,1693400,1693100,1693400,3700
38280000,1693300,1693500,1692500,1692800,3100,1693400,1693600,1692600,1692900,7400
38340000,1692800,1693200,1692600,1692700,4300,1692900,1693300,1692700,1692800,6300
38400000,1692700,1693000,1692700,1693000,5000,1692800,1693100,1692800,1693100,55200
38460000,1693000,1693000,1692400,1692500,3400,1693100,1693100,1692500,1692600,15200
38520000,1692500,1692500,1692400,1692500,2800,1692600,1692600,1692500,1692600,53900
38580000,1692500,1693200,1692500,1692900,3000,1692600,1693300,1692600,1693000,6000
38640000,1692900,1692900,1692300,1692400,7700,1693000,1693000,1692400,1692500,3700
38700000,1692400,1692500,1692100,1692300,14200,1692500,1692600,1692200,1692400,8800
38760000,1692300,1692500,1691600,1691700,9000,1692400,1692600,1691700,1691800,53000
38820000,1691700,1692200,1691700,1691800,11900,1691800,1692300,1691800,1691900,2700
38880000,1691800,1692000,1691500,1691600,9500,1691900,1692100,1691600,1691700,4000
38940000,1691600,1691600,1690700,1690700,8700,1691700,1691700,1690800,1690800,53000
39000000,1690700,1691100,1690600,1690900,5000,1690800,1691200,1690700,1691000,6400
39060000,1690900,1691300,1690900,1691100,4000,1691000,1691400,1691000,1691200,7400
39120000,1691100,1691100,1690700,1691000,55200,1691200,1691200,1690800,1691100,1600
39180000,1691000,1691400,1691000,1691200,2000,1691100,1691500,1691100,1691300,53000
39240000,1691200,1691400,1691100,1691400,8100,1691300,1691500,1691200,1691500,9000
39300000,1691400,1692200,1691400,1692200,8700,1691500,1692300,1691500,1692300,33000
39360000,1692200,1692200,1691800,1691900,4900,1692300,1692300,1691900,1692000,4800
39420000,1691900,1692500,1691800,1692400,11900,1692000,1692600,1691900,1692500,1400
39480000,1692400,1693200,1692400,1693200,9600,1692500,1693300,1692500,1693300,24400
39540000,1693200,1693200,1693000,1693200,6400,1693300,1693300,1693100,1693300,16600
39600000,1693200,1693300,1692700,1692700,10200,1693300,1693400,1692700,1692800,4100
39660000,1692700,1692800,1692500,1692600,21600,1692800,1692900,1692600,1692700,9400
39720000,1692600,1692800,1692600,1692600,5800,1692700,1692900,1692700,1692700,7500
39780000,1692600,1693300,1692600,1693200,8100,1692700,1693400,1692700,1693300,3100
39840000,1693200,1693300,1692700,1692700,6400,1693300,1693400,1692800,1692800,6000
39900000,1692700,1693100,1692700,1692800,9300,1692800,1693200,1692800,1692900,3200
39960000,1692800,1693400,1692700,1693400,4600,1692900,1693500,1692800,1693500,4000
40020000,1693400,1693500,1693200,1693200,3700,1693500,1693600,1693300,1693300,4400
40080000,1693200,1693600,1693100,1693600,6400,1693300,1693700,1693200,1693700,6800
40140000,1693600,1694000,1693100,1693300,6400,1693700,1694100,1693200,1693400,5800
40200000,1693300,1693900,1693300,1693600,6300,1693400,1694000,1693300,1693800,6000
40260000,1693600,1693700,1693400,1693700,3600,1693700,1693800,1693500,1693800,14300
40320000,1693700,1693700,1693600,1693700,4700,1693800,1693800,1693700,1693800,4300
40380000,1693700,1693900,1693600,1693700,5600,1693800,1694000,1693700,1693800,6000
40440000,1693700,1693700,1693500,1693600,8400,1693800,1693800,1693600,1693700,3400
40500000,1693600,1694100,1693500,1694100,3800,1693700,1694200,1693600,1694200,7200
40560000,1694100,1694100,1693100,1693600,4800,1694200,1694200,1693200,1693700,8500
40620000,1693600,1693600,1692700,1692800,29900,1693700,1693700,1692800,1692900,4600
40680000,1692800,1692800,1692400,1692700,8600,1692900,1692900,1692400,1692800,22700
40740000,1692700,1692900,1692600,1692800,8300,1692800,1693000,1692700,1692900,4900
40800000,1692800,1693100,1692800,1692800,7600,1692900,1693200,1692900,1692900,5300
40860000,1692800,1692900,1692600,1692800,3000,1692900,1693000,1692600,1692900,11600
40920000,1692800,1693300,1692600,1693300,8500,1692900,1693400,1692700,1693400,6000
40980000,1693300,1693300,1692900,1693100,600,1693400,1693400,1693000,1693200,11200
41040000,1693100,1693400,1693100,1693400,2700,1693200,1693500,1693200,1693500,7900
41100000,1693400,1694200,1693400,1693600,3300,1693500,1694300,1693500,1693700,10100
41160000,1693600,1694000,1693500,1693900,1400,1693700,1694100,1693600,1694000,4700
41220000,1693900,1693900,1693300,1693400,6700,1694000,1694000,1693400,1693500,3700
41280000,1693400,1693900,1693400,1693400,600,1693500,1694000,1693500,1693500,9800
41340000,1693400,1693400,1692900,1693100,19800,1693500,1693500,1693000,1693200,1100
41400000,1693100,1694100,1693100,1694100,7200,1693200,1694200,1693200,1694200,10700
41460000,1694100,1694400,1693700,1694300,10800,1694200,1694500,1693800,1694400,15900
41520000,1694300,1694900,1694200,1694700,2600,1694400,1695000,1694300,1694800,12600
41580000,1694700,1695500,1694700,1695200,3000,1694800,1695600,1694800,1695300,3500
41640000,1695200,1695300,1694900,1695200,4500,1695300,1695400,1695000,1695300,5900
41700000,1695200,1696600,1695100,1696200,6800,1695300,1696700,1695200,1696300,2500
41760000,1696200,1697000,1695800,1696900,3000,1696300,1697100,1695900,1697000,11400
41820000,1696900,1697200,1696500,1697000,4400,1697000,1697300,1696600,1697100,54100
41880000,1697000,1697000,1696400,1696600,3800,1697100,1697100,1696500,1696700,7500
41940000,1696600,1697000,1696500,1696900,3100,1696700,1697100,1696600,1697000,6600
42000000,1696900,1696900,1696300,1696900,5300,1697000,1697000,1696400,1697000,9100
42060000,1696900,1697800,1696900,1697700,5500,1697000,1697900,1697000,1697800,9800
42120000,1697700,1697900,1697600,1697700,7300,1697800,1698000,1697700,1697800,8500
42180000,1697700,1698000,1697500,1697900,6000,1697800,1698100,1697600,1698000,1700
42240000,1697900,1698000,1697400,1697400,5600,1698000,1698100,1697400,1697500,3400
42300000,1697400,1697800,1697400,1697500,52400,1697500,1697900,1697500,1697700,4300
42360000,1697500,1697700,1697500,1697700,3000,1697600,1697800,1697600,1697800,13900
42420000,1697700,1698000,1697700,1697900,4800,1697800,1698100,1697800,1698000,9100
42480000,1697900,1698200,1697800,1698100,4900,1698000,1698300,1697900,1698200,8700
42540000,1698100,1698500,1697900,1697900,4600,1698200,1698500,1698000,1698000,4200
42600000,1697900,1698300,1697900,1698000,2600,1698000,1698400,1698000,1698100,53900
42660000,1698000,1698100,1697800,1697900,4100,1698100,1698200,1697900,1698000,6400
42720000,1697900,1697900,1697800,1697900,9100,1698000,1698000,1697900,1698000,4000
42780000,1697900,1698100,1697900,1697900,9900,1698000,1698200,1698000,1698000,9000
42840000,1697900,1698200,1697900,1698200,17700,1698000,1698300,1698000,1698300,8300
42900000,1698200,1698700,1698200,1698600,9600,1698300,1698800,1698300,1698700,1900
42960000,1698600,1699300,1698600,1699000,900,1698700,1699400,1698700,1699100,53000
43020000,1699000,1699000,1698900,1699000,12900,1699100,1699100,1698900,1699100,53500
43080000,1699000,1699000,1698800,1698900,18200,1699100,1699100,1698900,1699000,6600
43140000,1698900,1699400,1698900,1699200,6400,1699000,1699500,1699000,1699300,5900
43200000,1699200,1699300,1699000,1699000,53900,1699300,1699400,1699100,1699100,600
43260000,1699000,1699900,1698900,1699800,53700,1699100,1700000,1699000,1699900,8800
43320000,1699800,1700000,1699800,1699900,200,1699900,1700100,1699900,1700000,8700
43380000,1699900,1700400,1699800,1700300,53000,1700000,1700500,1699800,1700400,3500
43440000,1700300,1700300,1699800,1699800,53000,1700400,1700400,1699900,1699900,3800
43500000,1699800,1700100,1699800,1700100,6400,1699900,1700200,1699900,1700200,7000
43560000,1700100,1700100,1699800,1699800,31700,1700200,1700200,1699800,1699900,900
43620000,1699800,1700700,1699800,1700600,6200,1699900,1700800,1699900,1700700,4600
43680000,1700600,1701600,1700300,1701200,3300,1700700,1701700,1700400,1701300,54500
43740000,1701200,1701200,1700800,1701000,54100,1701300,1701300,1700900,1701100,5800
43800000,1701000,1701000,1700300,1700300,3000,1701100,1701100,1700400,1700400,6300
43860000,1700300,1700600,1700200,1700300,2500,1700400,1700700,1700300,1700400,10700
43920000,1700300,1700500,1700200,1700300,7500,1700400,1700600,1700300,1700400,9600
43980000,1700300,1700700,1700200,1700500,54400,1700400,1700800,1700200,1700600,1500
44040000,1700500,1701000,1700500,1701000,54100,1700600,1701100,1700600,1701100,5600
44100000,1701000,1701200,1701000,1701200,6900,1701100,1701300,1701100,1701300,17600
44160000,1701200,1701400,1701000,1701300,1500,1701300,1701500,1701100,1701400,13300
44220000,1701300,1701800,1700900,1701600,1100,1701400,1701900,1701000,1701700,10100
44280000,1701600,1701600,1701100,1701300,5000,1701700,1701700,1701200,1701400,5400
44340000,1701300,1701800,1701300,1701800,3600,1701400,1701900,1701400,1701900,31400
44400000,1701800,1702200,1701700,1701700,10300,1701900,1702300,1701800,1701800,53800
44460000,1701700,1702300,1701600,1702300,9800,1701800,1702400,1701700,1702400,6500
44520000,1702300,1702600,1701800,1701800,7000,1702400,1702700,1701800,1701900,4800
44580000,1701800,1701800,1701400,1701400,3500,1701900,1701900,1701500,1701500,4200
44640000,1701400,1701700,1701300,1701500,53000,1701500,1701800,1701400,1701600,2100
44700000,1701500,1701900,1701500,1701800,2300,1701600,1702000,1701600,1701900,9200
44760000,1701800,1702100,1701800,1702000,53000,1701900,1702200,1701900,1702100,8400
44820000,1702000,1702300,1701700,1701900,1500,1702100,1702400,1701800,1702000,19900
44880000,1701900,1701900,1701100,1701200,54400,1702000,1702000,1701200,1701300,4900
44940000,1701200,1701400,1701000,1701000,52800,1701300,1701500,1701100,1701100,17200
45000000,1701000,1701300,1701000,1701200,54300,1701100,1701400,1701100,1701300,2800
45060000,1701200,1701300,1701200,1701200,54500,1701300,1701400,1701200,1701300,7100
45120000,1701200,1701400,1701200,1701200,18000,1701300,1701500,1701200,1701300,3700
45180000,1701200,1701200,1700600,1700800,9000,1701300,1701300,1700700,1700900,6800
45240000,1700800,1701000,1700800,1700800,2100,1700900,1701100,1700900,1700900,10700
45300000,1700800,1700800,1700600,1700700,53800,1700900,1700900,1700700,1700800,5300
45360000,1700700,1700700,1700600,1700700,33000,1700800,1700800,1700700,1700800,8900
45420000,1700700,1700900,1700700,1700800,7200,1700800,1701000,1700800,1700900,2700
45480000,1700800,1701200,1700800,1701200,54600,1700900,1701300,1700900,1701300,5700
45540000,1701200,1701200,1700900,1701000,8900,1701300,1701300,1700900,1701100,7100
45600000,1701000,1701700,1701000,1701500,5600,1701100,1701800,1701100,1701600,3300
45660000,1701500,1701600,1701500,1701500,13800,1701600,1701700,1701600,1701600,4800
45720000,1701500,1701600,1701200,1701300,4400,1701600,1701700,1701300,1701400,9000
45780000,1701300,1701600,1701300,1701600,4800,1701400,1701700,1701400,1701700,10700
45840000,1701600,1701700,1701400,1701500,4300,1701700,1701800,1701500,1701600,13200
45900000,1701500,1701700,1701400,1701600,300,1701600,1701800,1701500,1701700,10400
45960000,1701600,1701600,1701400,1701500,7300,1701700,1701700,1701500,1701600,10700
46020000,1701500,1702100,1701500,1701800,1300,1701600,1702200,1701600,1701900,11100
46080000,1701800,1701800,1701300,1701300,7500,1701900,1701900,1701300,1701400,2800
46140000,1701300,1701300,1700900,1701100,4900,1701400,1701400,1701000,1701200,4800
46200000,1701100,1701300,1701100,1701300,3900,1701200,1701400,1701200,1701400,6500
46260000,1701300,1701300,1701200,1701300,5100,1701400,1701400,1701300,1701400,6500
46320000,1701300,1701400,1701300,1701300,6900,1701400,1701500,1701400,1701400,4500
46380000,1701300,1701800,1701300,1701600,6300,1701400,1701900,1701400,1701800,8200
46440000,1701600,1701600,1701200,1701500,4900,1701700,1701700,1701300,1701600,5100
46500000,1701500,1701600,1701500,1701600,7100,1701600,1701700,1701600,1701700,6500
46560000,1701600,1701800,1701600,1701800,7500,1701700,1701900,1701700,1701900,7000
46620000,1701800,1702100,1701500,1701700,4200,1701900,1702200,1701600,1701800,53900
46680000,1701700,1701900,1701700,1701800,10800,1701800,1702000,1701800,1701900,800
46740000,1701800,1702000,1701600,1701600,8400,1701900,1702100,1701700,1701700,4300
46800000,1701600,1701800,1701500,1701600,5600,1701700,1701900,1701600,1701700,9100
46860000,1701600,1701600,1701200,1701500,7900,1701700,1701700,1701300,1701600,7600
46920000,1701500,1701500,1700900,1701000,9000,1701600,1701600,1701000,1701100,4600
46980000,1701000,1701300,1700900,1701300,7500,1701100,1701400,1701000,1701400,4000
47040000,1701300,1701600,1701300,1701300,33000,1701400,1701700,1701400,1701400,1700
47100000,1701300,1701400,1701200,1701300,10100,1701400,1701500,1701300,1701400,500
47160000,1701300,1702000,1701300,1702000,4500,1701400,1702100,1701400,1702100,5400
47220000,1702000,1702600,1701900,1702500,2400,1702100,1702700,1702000,1702600,8000
47280000,1702500,1703100,1702200,1702700,53900,1702600,1703200,1702300,1702800,4800
47340000,1702700,1702900,1702600,1702700,5100,1702800,1703000,1702700,1702800,53000
47400000,1702700,1702900,1702700,1702900,5600,1702800,1703000,1702800,1703000,52000
47460000,1702900,1702900,1702300,1702300,5400,1703000,1703000,1702400,1702400,7000
47520000,1702300,1702500,1702100,1702300,11400,1702400,1702600,1702200,1702400,3800
47580000,1702300,1702400,1702300,1702300,1700,1702400,1702500,1702300,1702400,15700
47640000,1702300,1702300,1702000,1702300,3500,1702400,1702400,1702100,1702400,14600
47700000,1702300,1702300,1700700,1700800,3900,1702400,1702400,1700800,1700900,10800
47760000,1700800,1700800,1700100,1700300,300,1700900,1700900,1700200,1700400,10900
47820000,1700300,1700400,1699800,1700000,900,1700400,1700500,1699900,1700100,7700
47880000,1700000,1700200,1699800,1700000,9900,1700100,1700300,1699900,1700100,5800
47940000,1700000,1700300,1699700,1699700,54500,1700100,1700400,1699800,1699800,3000
48000000,1699700,1699900,1699600,1699600,1100,1699800,1700000,1699700,1699700,12300
48060000,1699600,1699800,1699500,1699500,4000,1699700,1699900,1699600,1699600,12700
48120000,1699500,1699900,1699400,1699800,7200,1699600,1700000,1699500,1699900,1900
48180000,1699800,1700000,1699600,1699800,6500,1699900,1700100,1699700,1699900,8200
48240000,1699800,1700100,1699700,1700100,6200,1699900,1700200,1699800,1700200,5800
48300000,1700100,1700700,1700100,1700600,7900,1700200,1700800,1700200,1700700,4600
48360000,1700600,1700700,1700600,1700600,8300,1700700,1700800,1700700,1700700,4300
48420000,1700600,1700600,1700100,1700200,4200,1700700,1700700,1700200,1700300,54700
48480000,1700200,1700300,1700000,1700300,1300,1700300,1700400,1700100,1700400,13300
48540000,1700300,1700300,1700200,1700300,8300,1700400,1700400,1700200,1700400,5400
48600000,1700300,1700700,1700300,1700400,25200,1700400,1700800,1700400,1700500,52800
48660000,1700400,1700600,1700400,1700400,3700,1700500,1700700,1700500,1700500,53700
48720000,1700400,1700500,1700300,1700500,7700,1700500,1700600,1700400,1700600,5600
48780000,1700500,1700500,1700300,1700400,2000,1700600,1700600,1700400,1700500,54100
48840000,1700400,1700500,1700300,1700500,9800,1700500,1700600,1700300,1700600,3600
48900000,1700500,1700900,1700500,1700600,7900,1700600,1701000,1700600,1700700,4900
48960000,1700600,1700800,1700200,1700500,7900,1700700,1700900,1700300,1700600,1900
49020000,1700500,1701200,1700500,1700600,2200,1700600,1701300,1700600,1700700,11400
49080000,1700600,1700600,1700400,1700500,4400,1700700,1700700,1700500,1700600,5100
49140000,1700500,1700500,1700300,1700300,3800,1700600,1700600,1700400,1700400,12300
49200000,1700300,1700300,1699900,1700100,6400,1700400,1700400,1700000,1700200,5100
49260000,1700100,1700200,1699500,1699800,4600,1700200,1700300,1699600,1699900,6200
49320000,1699800,1699800,1699400,1699500,5700,1699900,1699900,1699500,1699600,4600
49380000,1699500,1699700,1699400,1699400,5100,1699600,1699800,1699500,1699500,53500
49440000,1699400,1699800,1699400,1699800,8200,1699500,1699900,1699500,1699900,4800
49500000,1699800,1700400,1699800,1700400,22300,1699900,1700500,1699900,1700500,1800
49560000,1700400,1700600,1700300,1700500,10300,1700500,1700700,1700400,1700600,4500
49620000,1700500,1700800,1700200,1700300,9600,1700600,1700900,1700300,1700400,4500
49680000,1700300,1700300,1699800,1700000,5300,1700400,1700400,1699900,1700100,4500
49740000,1700000,1700000,1699700,1699800,1700,1700100,1700100,1699800,1699900,8500
49800000,1699800,1699800,1699500,1699700,53000,1699900,1699900,1699600,1699800,4300
49860000,1699700,1699800,1699400,1699400,53900,1699800,1699900,1699500,1699500,5900
49920000,1699400,1699900,1699300,1699500,1600,1699500,1700000,1699400,1699600,9300
49980000,1699500,1699900,1699500,1699900,53200,1699600,1700000,1699600,1700000,30500
50040000,1699900,1700000,1699900,1700000,12900,1700000,1700100,1700000,1700100,2400
50100000,1700000,1700000,1699700,1699700,8100,1700100,1700100,1699800,1699800,2800
50160000,1699700,1700000,1699700,1700000,3300,1699800,1700100,1699800,1700100,5000
50220000,1700000,1700000,1699900,1699900,54000,1700100,1700100,1700000,1700000,3600
50280000,1699900,1700700,1699900,1700600,3300,1700000,1700800,1700000,1700700,8600
50340000,1700600,1700800,1700500,1700800,6100,1700700,1700900,1700600,1700900,6200
50400000,1700800,1700900,1700300,1700300,9600,1700900,1701000,1700400,1700400,2900
50460000,1700300,1700700,1700200,1700500,5800,1700400,1700800,1700300,1700600,2600
50520000,1700500,1700800,1700500,1700800,6100,1700600,1700900,1700600,1700900,6800
50580000,1700800,1701700,1700800,1701600,5200,1700900,1701800,1700900,1701800,33800
50640000,1701600,1701600,1701300,1701500,3300,1701700,1701700,1701400,1701600,24300
50700000,1701500,1701700,1701300,1701700,2600,1701600,1701800,1701400,1701800,17300
50760000,1701700,1701900,1701500,1701800,6400,1701800,1702000,1701600,1701900,7700
50820000,1701800,1701900,1701700,1701800,15700,1701900,1702000,1701800,1701900,8000
50880000,1701800,1701900,1701700,1701900,4500,1701900,1702000,1701800,1702000,18400
50940000,1701900,1702000,1701800,1701800,8700,1702000,1702100,1701900,1701900,2700
51000000,1701800,1701800,1701500,1701500,3100,1701900,1701900,1701600,1701600,8400
51060000,1701500,1701700,1701500,1701700,5700,1701600,1701800,1701600,1701800,4600
51120000,1701700,1701800,1701500,1701500,22000,1701800,1701900,1701600,1701600,6500
51180000,1701500,1701600,1701500,1701600,4400,1701600,1701700,1701600,1701700,55000
51240000,1701600,1701600,1701300,1701300,7500,1701700,1701700,1701300,1701400,9900
51300000,1701300,1701300,1701200,1701200,5600,1701400,1701400,1701200,1701300,11400
51360000,1701200,1701800,1701200,1701800,3700,1701300,1701900,1701300,1701900,6600
51420000,1701800,1701800,1701600,1701600,1800,1701900,1701900,1701700,1701700,54100
51480000,1701600,1701600,1701300,1701300,4000,1701700,1701700,1701400,1701400,9200
51540000,1701300,1701800,1701300,1701600,2100,1701400,1701900,1701400,1701700,53900
51600000,1701600,1701900,1701600,1701700,11400,1701700,1702000,1701700,1701800,3500
51660000,1701700,1701900,1701700,1701800,4600,1701800,1702000,1701800,1701900,3300
51720000,1701800,1702000,1701700,1701800,3100,1701900,1702100,1701800,1701900,5900
51780000,1701800,1701800,1701400,1701600,4900,1701900,1701900,1701500,1701700,54400
51840000,1701600,1701900,1701600,1701800,7500,1701700,1702000,1701700,1701900,4800
51900000,1701800,1701900,1701800,1701800,6800,1701900,1702000,1701900,1701900,4700
51960000,1701800,1701900,1701800,1701900,3000,1701900,1702000,1701900,1702000,54500
52020000,1701900,1701900,1701200,1701300,3400,1702000,1702000,1701300,1701400,6500
52080000,1701300,1701700,1701200,1701600,4900,1701400,1701800,1701300,1701700,3900
52140000,1701600,1701700,1701400,1701400,123900,1701700,1701800,1701500,1701500,2500
52200000,1701400,1701500,1701100,1701100,2000,1701500,1701600,1701200,1701200,7000
52260000,1701100,1701300,1701000,1701100,2700,1701200,1701400,1701100,1701200,8300
52320000,1701100,1701300,1701100,1701300,7100,1701200,1701400,1701200,1701400,6300
52380000,1701300,1701300,1701000,1701300,4000,1701400,1701400,1701100,1701400,6400
52440000,1701300,1701300,1701000,1701100,2700,1701400,1701400,1701100,1701200,10300
52500000,1701100,1701300,1700700,1700700,13600,1701200,1701400,1700800,1700800,3100
52560000,1700700,1700800,1700400,1700400,123800,1700800,1700900,1700500,1700500,4900
52620000,1700400,1700900,1700400,1700800,5000,1700500,1701000,1700500,1700900,6900
52680000,1700800,1700800,1700800,1700800,13000,1700900,1700900,1700900,1700900,7100
52740000,1700800,1700800,1700200,1700200,9600,1700900,1700900,1700300,1700300,2500
52800000,1700200,1700600,1700100,1700300,3900,1700300,1700700,1700200,1700400,9100
52860000,1700300,1700800,1700300,1700800,7600,1700400,1700900,1700400,1700900,8300
52920000,1700800,1700800,1700600,1700600,6200,1700900,1700900,1700700,1700700,4400
52980000,1700600,1700600,1700500,1700500,19400,1700700,1700700,1700600,1700600,4800
53040000,1700500,1700800,1700200,1700800,7100,1700600,1700900,1700300,1700900,4500
53100000,1700800,1700900,1700500,1700900,6600,1700900,1701000,1700600,1701000,124000
53160000,1700900,1700900,1700700,1700800,7900,1701000,1701000,1700800,1700900,6300
53220000,1700800,1700800,1700700,1700700,6400,1700900,1700900,1700700,1700800,6900
53280000,1700700,1701400,1700700,1701300,6300,1700800,1701500,1700800,1701400,10700
53340000,1701300,1701300,1700700,1700800,7800,1701400,1701400,1700800,1700900,5100
53400000,1700800,1700900,1700500,1700600,5400,1700900,1701000,1700600,1700700,7100
53460000,1700600,1700600,1700300,1700500,6900,1700700,1700700,1700400,1700600,8600
53520000,1700500,1700600,1700200,1700200,14700,1700600,1700700,1700300,1700300,6900
53580000,1700200,1700200,1700000,1700200,15400,1700300,1700300,1700100,1700300,5400
53640000,1700200,1700200,1700100,1700200,18000,1700300,1700300,1700200,1700300,3600
53700000,1700200,1700600,1700200,1700600,7000,1700300,1700700,1700300,1700700,6100
53760000,1700600,1700700,1700200,1700300,3700,1700700,1700800,1700300,1700400,9400
53820000,1700300,1700300,1700200,1700200,18000,1700400,1700400,1700300,1700300,5900
53880000,1700200,1700400,1700100,1700100,6000,1700300,1700500,1700200,1700200,8500
53940000,1700100,1700600,1700100,1700500,6600,1700200,1700700,1700200,1700600,6800
54000000,1700500,1700700,1700400,1700500,9100,1700600,1700800,1700500,1700600,5200
54060000,1700500,1700500,1700000,1700000,4300,1700600,1700600,1700100,1700100,7900
54120000,1700000,1700000,1699000,1699300,9100,1700100,1700100,1699100,1699400,4100
54180000,1699300,1699400,1699200,1699200,7500,1699400,1699500,1699300,1699300,1000
54240000,1699200,1699700,1699200,1699300,8800,1699300,1699800,1699300,1699400,7400
54300000,1699300,1699800,1699300,1699600,8000,1699400,1699900,1699400,1699700,9600
54360000,1699600,1699600,1699300,1699600,8300,1699700,1699700,1699400,1699700,14300
54420000,1699600,1699700,1699400,1699600,10000,1699700,1699800,1699500,1699700,1800
54480000,1699600,1699900,1699600,1699800,11500,1699700,1700000,1699700,1699900,7100
54540000,1699800,1699800,1699500,1699700,11300,1699900,1699900,1699600,1699800,3400
54600000,1699700,1700300,1699700,1700200,10100,1699800,1700400,1699800,1700300,5300
54660000,1700200,1700200,1700000,1700100,10600,1700300,1700300,1700100,1700200,2900
54720000,1700100,1700100,1699200,1699200,8400,1700200,1700200,1699200,1699300,6600
54780000,1699200,1699200,1699000,1699200,12100,1699300,1699300,1699100,1699300,3400
54840000,1699200,1699300,1698200,1698200,6200,1699300,1699400,1698300,1698300,6000
54900000,1698200,1698600,1698100,1698200,23900,1698300,1698700,1698200,1698300,300
54960000,1698200,1698400,1698200,1698400,2600,1698300,1698500,1698300,1698500,77600
55020000,1698400,1698400,1698100,1698300,5900,1698500,1698500,1698200,1698400,11400
55080000,1698300,1698700,1698300,1698600,222500,1698400,1698800,1698400,1698700,4800
55140000,1698600,1698700,1698400,1698500,12600,1698700,1698800,1698500,1698600,2800
55200000,1698500,1698500,1698100,1698300,10800,1698600,1698600,1698200,1698400,10100
55260000,1698300,1698600,1698100,1698600,5100,1698400,1698700,1698200,1698700,7700
55320000,1698600,1699400,1698600,1699300,8200,1698700,1699500,1698700,1699400,6000
55380000,1699300,1699300,1699100,1699200,21200,1699400,1699400,1699200,1699300,6300
55440000,1699200,1699200,1699000,1699000,15000,1699300,1699300,1699100,1699100,3700
55500000,1699000,1699200,1698800,1698800,800,1699100,1699300,1698900,1698900,12300
55560000,1698800,1699200,1698800,1699100,10200,1698900,1699300,1698900,1699200,2800
55620000,1699100,1699600,1699100,1699600,7100,1699200,1699700,1699200,1699700,6100
55680000,1699600,1699900,1699500,1699600,5500,1699700,1700000,1699600,1699700,10300
55740000,1699600,1699900,1699600,1699900,19400,1699700,1700000,1699700,1700000,123200
55800000,1699900,1700900,1699900,1700800,14400,1700000,1701000,1699900,1700900,6800
55860000,1700800,1701400,1700500,1700500,7800,1700900,1701500,1700600,1700600,6600
55920000,1700500,1700500,1700100,1700100,5100,1700600,1700600,1700200,1700200,10400
55980000,1700100,1700600,1700000,1700100,300,1700200,1700700,1700100,1700200,15800
56040000,1700000,1700100,1699700,1699700,122400,1700100,1700200,1699800,1699800,90300
56100000,1699700,1700200,1699700,1699900,2600,1699800,1700300,1699800,1700000,18900
56160000,1699900,1700000,1699600,1699600,6300,1700000,1700100,1699700,1699700,8800
56220000,1699600,1699600,1699200,1699500,11900,1699700,1699700,1699300,1699600,2600
56280000,1699500,1699500,1699300,1699500,4200,1699600,1699600,1699400,1699600,15700
56340000,1699500,1699500,1698700,1698800,4900,1699600,1699600,1698800,1698900,11700
56400000,1698800,1699700,1698800,1699600,78700,1698900,1699800,1698900,1699700,100
56460000,1699600,1699700,1699300,1699500,6800,1699700,1699800,1699400,1699600,6000
56520000,1699500,1699600,1699300,1699400,7700,1699600,1699700,1699400,1699500,123600
56580000,1699400,1699500,1699300,1699300,9100,1699500,1699600,1699400,1699400,9300
56640000,1699300,1699700,1699300,1699600,5300,1699400,1699800,1699400,1699700,9000
56700000,1699600,1699600,1699200,1699300,6500,1699700,1699700,1699300,1699400,11500
56760000,1699300,1699800,1699200,1699500,101300,1699400,1699900,1699300,1699600,8400
56820000,1699500,1699500,1698600,1698600,3300,1699600,1699600,1698600,1698700,16000
56880000,1698600,1698900,1698300,1698400,6500,1698700,1699000,1698400,1698500,124000
56940000,1698400,1698400,1698000,1698000,10100,1698500,1698500,1698100,1698100,5700
57000000,1698000,1698300,1698000,1698100,5800,1698100,1698400,1698100,1698200,8000
57060000,1698100,1698300,1698000,1698100,37100,1698200,1698400,1698100,1698200,14600
57120000,1698100,1698700,1697800,1698700,121100,1698200,1698800,1697900,1698800,15600
57180000,1698700,1699300,1698700,1699300,19600,1698800,1699400,1698800,1699400,16600
57240000,1699300,1699800,1699000,1699500,13300,1699400,1699900,1699100,1699600,13100
57300000,1699500,1700000,1699500,1700000,3000,1699600,1700100,1699600,1700100,23400
57360000,1700000,1700700,1700000,1700600,33800,1700100,1700800,1700100,1700700,9900
57420000,1700600,1701100,1700500,1700700,12400,1700700,1701200,1700600,1700800,900
57480000,1700700,1701700,1700700,1701600,20700,1700800,1701800,1700800,1701700,9400
57540000,1701600,1702600,1701500,1702400,18000,1701700,1702700,1701600,1702600,20500
57600000,1702400,1702900,1701900,1702400,53000,1702500,1703000,1702000,1702500,100
57660000,1702400,1702900,1702400,1702700,9700,1702500,1703000,1702500,1702800,6300
57720000,1702700,1703100,1702700,1702900,4300,1702800,1703200,1702800,1703000,73500
57780000,1702900,1702900,1702500,1702800,6100,1703000,1703000,1702600,1702900,5300
57840000,1702800,1703300,1702500,1703200,6900,1702900,1703400,1702600,1703300,2900
57900000,1703200,1703500,1703000,1703500,100,1703300,1703600,1703100,1703600,9600
57960000,1703500,1703700,1703300,1703600,3800,1703600,1703800,1703300,1703700,3600
58020000,1703600,1703700,1703500,1703600,12700,1703700,1703800,1703600,1703700,1600
58080000,1703600,1703700,1703300,1703600,1700,1703700,1703800,1703400,1703700,3200
58140000,1703600,1703800,1703600,1703800,600,1703700,1703900,1703700,1703900,6400
58200000,1703800,1704000,1703700,1703800,6700,1703900,1704000,1703700,1703900,5300
58260000,1703800,1704000,1703600,1704000,15000,1703900,1704100,1703700,1704100,3100
58320000,1704000,1704000,1703500,1703500,7700,1704100,1704100,1703600,1703700,15600
58380000,1703500,1703600,1703100,1703200,2300,1703700,1703700,1703200,1703300,9000
58440000,1703200,1704200,1703100,1703900,100,1703300,1704300,1703200,1704200,300
58500000,1703900,1704200,1703800,1704000,2100,1704200,1704300,1704000,1704200,2800
58560000,1704000,1704000,1704000,1704000,1300,1704100,1704200,1704100,1704200,3200
58620000,1704000,1704200,1703900,1704100,3200,1704200,1704300,1704100,1704200,1000
58680000,1704100,1704100,1703900,1703900,3900,1704200,1704200,1704000,1704000,700
58740000,1703900,1704000,1703800,1703800,8600,1704000,1704200,1704000,1704000,3300
58800000,1703800,1703900,1703800,1703900,300,1704000,1704000,1703900,1704000,1200
58860000,1703900,1704100,1703900,1704100,300,1704000,1704200,1704000,1704200,2100
58920000,1704000,1704200,1704000,1704200,600,1704200,1704300,1704200,1704300,6400
58980000,1704200,1704200,1704100,1704200,1500,1704300,1704300,1704200,1704300,200
59040000,1704200,1704200,1704200,1704200,4500,1704300,1704300,1704300,1704300,500
59100000,1704200,1704300,1704200,1704300,1000,1704300,1704400,1704300,1704400,2200
59160000,1704300,1704300,1704200,1704200,2500,1704400,1704400,1704300,1704300,1000
59220000,1704200,1704200,1704000,1704000,2800,1704200,1704300,1704100,1704100,200
59280000,1704000,1704100,1704000,1704100,1000,1704200,1704300,1704100,1704200,900
59340000,1704100,1704200,1704100,1704100,800,1704200,1704300,1704100,1704200,7400
59400000,1704100,1704400,1704000,1704200,3000,1704200,1704500,1704100,1704400,1100
59460000,1704200,1704500,1704200,1704400,1000,1704400,1704800,1704400,1704700,20600
59520000,1704400,1704400,1704100,1704400,21000,1704500,1704700,1704200,1704600,400
59580000,1704400,1704500,1704100,1704400,51500,1704600,1704600,1704400,1704600,400
59640000,1704400,1704600,1704200,1704200,800,1704600,1704700,1704400,1704400,800
59700000,1704200,1704200,1704000,1704100,300,1704300,1704500,1704100,1704300,100
59760000,1704100,1704100,1703600,1703800,700,1704300,1704300,1703800,1703900,1600
59820000,1703800,1703800,1703700,1703700,100,1703900,1703900,1703800,1703900,100
59880000,1703700,1703700,1703600,1703700,1000,1704000,1704000,1703900,1704000,20500
59940000,1703700,1704000,1703700,1703700,1100,1704000,1704200,1703800,1704000,200
60000000,1703700,1703700,1703400,1703500,2300,1703800,1703900,1703600,1703700,20000
60060000,1703500,1703900,1703500,1703700,2800,1703700,1704200,1703600,1703900,600
60120000,1703600,1703900,1703600,1703600,200,1703900,1704000,1703700,1703800,51500
60180000,1703600,1703600,1703600,1703600,700,1703800,1703800,1703800,1703800,51500
60240000,1703600,1703600,1703400,1703400,300,1703800,1703800,1703500,1703500,51500
60300000,1703400,1703500,1703200,1703400,400,1703500,1703800,1703400,1703700,5000
60360000,1703500,1703500,1703500,1703500,1400,1703700,1703700,1703600,1703600,800
60420000,1703500,1703700,1703500,1703700,9000,1703600,1703800,1703600,1703800,51500
60480000,1703700,1703700,1703700,1703700,3000,1703800,1703800,1703800,1703800,51500
60540000,1703700,1703800,1703700,1703800,500,1703800,1704000,1703800,1704000,51500
60600000,1703800,1703800,1703700,1703800,600,1703800,1704000,1703800,1704000,51500
60660000,1703800,1703900,1703700,1703800,51500,1704000,1704000,1704000,1704000,300
60720000,1703900,1704200,1703900,1704200,300,1704100,1704400,1704000,1704400,500
60780000,1704200,1704200,1703900,1704100,21000,1704400,1704400,1704200,1704400,400
60840000,1704100,1704100,1704000,1704000,1200,1704400,1704400,1704300,1704300,1300
60900000,1704000,1704100,1704000,1704100,1300,1704300,1704400,1704300,1704400,800
60960000,1704100,1704400,1704100,1704200,600,1704400,1704500,1704400,1704400,100
61020000,1704200,1704200,1704200,1704200,600,1704400,1704500,1704400,1704400,300
61080000,1704300,1704400,1704200,1704200,500,1704400,1704500,1704400,1704400,300
61140000,1704300,1704500,1704300,1704500,100,1704400,1704600,1704400,1704600,100
61200000,1704400,1704400,1704400,1704400,51500,1704600,1704600,1704600,1704600,100
61260000,1704500,1704500,1704400,1704500,300,1704600,1704600,1704600,1704600,100
61320000,1704500,1704500,1704500,1704500,300,1704700,1704700,1704700,1704700,20600
61380000,1704400,1704600,1704400,1704600,51500,1704700,1704800,1704600,1704700,100
61440000,1704600,1704600,1704400,1704500,500,1704700,1704800,1704600,1704600,1100
61500000,1704500,1704500,1704500,1704500,500,1704600,1704600,1704600,1704600,300
61560000,1704600,1704600,1704600,1704600,51500,1704600,1704800,1704600,1704800,1300
61620000,1704700,1704700,1704600,1704600,51500,1704800,1704800,1704700,1704700,600
61680000,1704600,1704800,1704600,1704600,51500,1704800,1704900,1704800,1704900,400
61740000,1704600,1704800,1704600,1704800,1700,1704900,1704900,1704800,1704900,500
61800000,1704800,1704800,1704400,1704500,300,1704900,1704900,1704700,1704700,20600
61920000,1704600,1704600,1704600,1704600,51500,1704700,1704900,1704700,1704900,1000
61980000,1704600,1704600,1704600,1704600,51500,1704900,1704900,1704900,1704900,1000
62040000,1704600,1704800,1704500,1704500,400,1704900,1704900,1704600,1704900,700
62100000,1704500,1704500,1704500,1704500,600,1704900,1704900,1704600,1704600,100
62160000,1704500,1704500,1704300,1704300,200,1704600,1704800,1704500,1704500,100
62220000,1704200,1704300,1703600,1703700,300,1704500,1704500,1704500,1704500,100
62280000,1703700,1704000,1703700,1703700,100,1704500,1704500,1703900,1704400,1300
62340000,1703700,1703800,1703700,1703800,100,1704300,1704300,1704000,1704200,2300
62400000,1703800,1704000,1703100,1703400,100,1704200,1704500,1704000,1704000,100
62460000,1703400,1703700,1703400,1703700,100,1704000,1704000,1704000,1704000,1400
62520000,1703500,1703500,1703300,1703400,100,1704000,1704000,1704000,1704000,1400
62580000,1703400,1703700,1703400,1703600,400,1704000,1704000,1703900,1704000,1400
62640000,1703600,1704000,1703600,1703600,1000,1703900,1704000,1703900,1704000,1200
62700000,1703600,1703700,1703600,1703700,100,1704000,1704000,1704000,1704000,1200
62820000,1703600,1703700,1703600,1703600,500,1704000,1704000,1704000,1704000,1200
62880000,1703700,1703900,1703700,1703900,100,1704000,1704000,1704000,1704000,1200
62940000,1703800,1703800,1703700,1703700,500,1704000,1704000,1704000,1704000,500
63120000,1703700,1703700,1703700,1703700,500,1704000,1704000,1704000,1704000,600
63180000,1703700,1703700,1703600,1703700,100,1704000,1704000,1703900,1704000,700
63240000,1703700,1703700,1703700,1703700,1700,1703800,1704000,1703800,1703800,100
63300000,1703800,1703800,1703800,1703800,200,1704000,1704000,1704000,1704000,500
63480000,1703800,1703800,1703800,1703800,100,1704000,1704000,1704000,1704000,400
63540000,1703800,1704000,1703800,1704000,100,1704500,1704500,1704400,1704400,100
63600000,1703800,1703800,1703800,1703800,200,1704400,1704400,1704300,1704300,100
63720000,1703900,1704000,1703900,1704000,100,1704300,1704300,1704300,1704300,100
63780000,1703900,1704100,1703900,1704000,1000,1704300,1704400,1704200,1704400,100
63840000,1704000,1704100,1704000,1704100,100,1704400,1704400,1704400,1704400,100
63900000,1704100,1704300,1704100,1704200,100,1704400,1704400,1704400,1704400,100
63960000,1704200,1704200,1704000,1704000,11200,1704400,1704500,1704400,1704500,100
64020000,1704100,1704100,1704100,1704100,300,1704500,1704500,1704500,1704500,100
64080000,1704200,1704200,1704200,1704200,200,1704500,1704500,1704500,1704500,100
64200000,1704600,1704600,1704200,1704500,400,1704500,1704900,1704500,1704900,1800
64260000,1704500,1704600,1704300,1704600,100,1704900,1704900,1704900,1704900,800
64320000,1704600,1704600,1704600,1704600,1300,1704900,1704900,1704800,1704800,100
64500000,1704600,1704600,1704600,1704600,1300,1704900,1704900,1704800,1704800,200
64560000,1704600,1704600,1704600,1704600,1100,1704700,1704700,1704700,1704700,200
64620000,1704700,1704700,1704700,1704700,400,1704900,1704900,1704800,1704900,500
64680000,1704700,1704900,1704700,1704700,300,1704900,1705000,1704900,1705000,2400
64740000,1704900,1704900,1704600,1704600,500,1705000,1705000,1704800,1705000,1200
64800000,1704600,1704600,1704200,1704500,800,1704800,1704800,1704700,1704700,100
64860000,1704600,1704600,1704600,1704600,700,1704700,1705000,1704700,1704900,200
64920000,1704700,1704700,1704700,1704700,1300,1704900,1704900,1704900,1704900,200
65040000,1704700,1704900,1704700,1704900,100,1704900,1704900,1704900,1704900,800
65100000,1704700,1705100,1704600,1704800,1200,1704900,1705000,1704900,1705000,700
65160000,1704600,1705100,1704600,1704800,1300,1705000,1705000,1705000,1705000,700
65220000,1704800,1704800,1704200,1704400,1200,1705200,1705200,1705200,1705200,200
65280000,1704400,1705000,1704400,1705000,600,1705200,1705200,1705200,1705200,300
65340000,1704700,1704800,1704700,1704800,500,1705200,1705200,1705100,1705100,200
65400000,1704800,1704800,1704700,1704700,200,1705100,1705200,1705100,1705200,300
65460000,1704700,1704700,1704700,1704700,700,1705200,1705200,1705200,1705200,300
65580000,1704800,1705400,1704800,1704800,100,1705200,1705400,1705200,1705400,100
65640000,1704800,1705600,1704800,1705500,100,1705300,1705700,1705300,1705700,1500
65700000,1705500,1705500,1704800,1705100,100,1705700,1705700,1705600,1705600,600
65760000,1705100,1705100,1705100,1705100,100,1705500,1705500,1705400,1705500,100
65820000,1705100,1705600,1704800,1704900,100,1705600,1705700,1705100,1705600,1000
65880000,1705100,1705100,1705100,1705100,100,1705500,1705500,1705400,1705400,400
66060000,1705100,1705100,1705100,1705100,100,1705300,1705300,1705300,1705300,600
66120000,1704700,1704700,1704700,1704700,100,1705100,1705100,1705100,1705100,400
66240000,1704700,1704700,1704700,1704700,100,1705100,1705100,1705100,1705100,500
66300000,1704700,1704700,1704700,1704700,100,1705100,1705300,1705100,1705100,100
66360000,1704700,1704700,1704500,1704600,100,1705300,1705300,1704600,1705100,100
66420000,1704800,1705000,1704500,1704600,300,1705100,1705100,1705000,1705100,200
66480000,1704600,1704600,1704500,1704600,100,1704800,1705000,1704800,1705000,200
66540000,1704600,1704600,1704600,1704600,100,1704700,1704700,1704700,1704700,100
66600000,1704600,1704700,1704500,1704600,300,1705000,1705000,1704700,1704700,100
66660000,1704600,1704700,1704500,1704600,100,1705000,1705000,1705000,1705000,400
66720000,1704500,1704500,1704500,1704500,800,1705000,1705100,1705000,1705100,400
66780000,1704500,1704500,1704500,1704500,800,1705000,1705000,1705000,1705000,400
66840000,1704600,1704600,1704300,1704300,200,1705000,1705000,1704800,1704800,200
66900000,1704300,1704300,1704300,1704300,100,1704800,1704800,1704800,1704800,200
67200000,1704300,1704300,1704300,1704300,100,1704800,1704800,1704800,1704800,300
67260000,1704300,1704300,1704300,1704300,100,1704800,1704800,1704800,1704800,200
67320000,1704300,1704300,1704300,1704300,100,1704700,1704700,1704700,1704700,400
67500000,1704300,1704300,1704200,1704200,100,1704700,1704700,1704600,1704600,100
67560000,1704200,1704200,1703800,1704200,500,1704600,1704600,1704400,1704500,200
67620000,1704200,1704200,1704200,1704200,500,1704500,1704500,1704500,1704500,100
67680000,1704200,1704200,1704200,1704200,500,1704500,1704700,1704500,1704700,300
67740000,1704200,1704200,1704200,1704200,400,1704700,1704700,1704700,1704700,300
67800000,1704200,1704200,1704200,1704200,400,1704400,1704400,1704400,1704400,100
67860000,1704200,1704200,1704200,1704200,400,1704700,1704700,1704700,1704700,300
67920000,1704200,1704200,1704200,1704200,700,1704500,1704500,1704500,1704500,800
68100000,1704400,1704400,1704200,1704200,700,1704500,1704500,1704400,1704500,900
68340000,1704200,1704200,1704200,1704200,700,1704500,1704500,1704500,1704500,700
68400000,1704200,1704200,1704200,1704200,700,1704500,1704500,1704500,1704500,600
68520000,1704200,1704200,1704200,1704200,700,1704500,1704700,1704500,1704700,100
68640000,1704300,1704300,1704300,1704300,2900,1704700,1704700,1704700,1704700,100
68700000,1704200,1704200,1704200,1704200,700,1704700,1704700,1704700,1704700,100
68760000,1704500,1704600,1704500,1704600,600,1704700,1704700,1704700,1704700,100
68820000,1704600,1704600,1704600,1704600,1800,1704800,1704800,1704700,1704700,300
68880000,1704600,1704600,1704600,1704600,1600,1704700,1704800,1704700,1704800,100
68940000,1704600,1704600,1704600,1704600,1600,1704900,1704900,1704900,1704900,100
69000000,1704600,1704900,1704600,1704600,1600,1705000,1705000,1705000,1705000,600
69060000,1704600,1704600,1704600,1704600,1600,1705000,1705000,1705000,1705000,100
69120000,1704600,1704600,1704600,1704600,1600,1705100,1705100,1705100,1705100,200
69240000,1704600,1704600,1704600,1704600,200,1705100,1705100,1705100,1705100,200
69360000,1704300,1704300,1703800,1703900,900,1705100,1705100,1703900,1705000,600
69420000,1704000,1704500,1704000,1704000,100,1705000,1705000,1704100,1704500,100
69480000,1704000,1704500,1704000,1704000,500,1704500,1705000,1704500,1704900,200
69540000,1704000,1704000,1704000,1704000,300,1704500,1704500,1704500,1704500,200
69660000,1704000,1704100,1704000,1704100,100,1704500,1704900,1704500,1704700,300
69780000,1704100,1704100,1703900,1703900,100,1704500,1704500,1704000,1704200,200
69840000,1703800,1704000,1703800,1704000,500,1704200,1704500,1704200,1704300,100
69900000,1704000,1704100,1703900,1703900,300,1704500,1704500,1704300,1704300,300
69960000,1704000,1704000,1704000,1704000,600,1704300,1704300,1704300,1704300,300
70020000,1703900,1703900,1703900,1703900,300,1704300,1704300,1704300,1704300,300
70080000,1703900,1704100,1703900,1704000,600,1704200,1704200,1704200,1704200,100
70140000,1704000,1704000,1704000,1704000,600,1704200,1704400,1704200,1704400,100
70200000,1704000,1704000,1703800,1703800,2000,1704400,1704400,1704400,1704400,200
70320000,1703800,1704000,1703800,1704000,400,1704300,1704300,1704200,1704200,100
70380000,1704000,1704000,1703800,1703800,2000,1704200,1704600,1704100,1704400,500
70440000,1704000,1704100,1704000,1704100,400,1704400,1704400,1704400,1704400,500
70500000,1704100,1704100,1704100,1704100,400,1704400,1704400,1704400,1704400,100
70680000,1703900,1703900,1703800,1703800,2000,1704000,1704000,1704000,1704000,1100
70740000,1703800,1704000,1703800,1703800,2100,1704000,1704400,1704000,1704400,200
70800000,1703800,1704200,1703800,1704200,100,1703800,1704500,1703800,1704500,1100
70860000,1703800,1703800,1703800,1703800,1800,1704500,1704500,1704200,1704300,300
70920000,1703800,1703800,1703800,1703800,1200,1704000,1704000,1704000,1704000,2500
70980000,1703800,1703800,1703800,1703800,1100,1704000,1704000,1704000,1704000,1500
71040000,1703900,1703900,1703900,1703900,100,1704000,1704000,1704000,1704000,1500
71100000,1703800,1703800,1703800,1703800,700,1704000,1704000,1704000,1704000,1500
71160000,1703800,1703800,1703800,1703800,700,1704000,1704000,1704000,1704000,1100
71220000,1703800,1703800,1703800,1703800,700,1704000,1704000,1704000,1704000,100
71280000,1703800,1703800,1703800,1703800,700,1704000,1704000,1704000,1704000,500
71400000,1703800,1703900,1703800,1703900,100,1704500,1704500,1704500,1704500,100
71460000,1703800,1703800,1703800,1703800,800,1704500,1704500,1704500,1704500,100
71520000,1703800,1703800,1703800,1703800,700,1704500,1704600,1704500,1704500,100
71580000,1703800,1704000,1703800,1703800,700,1704600,1704600,1704000,1704600,500
71640000,1704000,1704000,1703800,1703800,400,1704600,1704600,1704500,1704500,100
71700000,1703800,1703800,1703600,1703600,500,1704500,1704500,1704500,1704500,100
71760000,1703600,1703800,1703600,1703800,1000,1704000,1704500,1704000,1704500,100
71820000,1703800,1704100,1703800,1704100,500,1704500,1704500,1704500,1704500,100
71880000,1704100,1704100,1704100,1704100,300,1704500,1704600,1704500,1704500,100
71940000,1704100,1704200,1703800,1704100,700,1704500,1704600,1704100,1704600,500
72000000,1704100,1704100,1704100,1704100,700,1704800,1704800,1704800,1704800,500